,timestamp,x,y,z,yaw,roll,pitch,latency,student,session,success
0,1662012906.931,2815.3252337100826,1831.378016949723,1000,3.521,-1.251,0.219,1178.0,blue,284,TRUE
1,1662012911.768,2736.406460588542,2173.8432538466277,1000,3.551,-1.202,0.211,1178.8,blue,284,TRUE
2,1662012916.62,2636.3270551508886,2616.9612759736515,1000,3.56,-1.198,0.217,1176.7,blue,284,TRUE
3,1662012921.461,2676.4110598056354,3120.8329859982437,1000,3.41,-1.199,0.247,1174.6,blue,284,TRUE
4,1662012926.326,2610.9514857865383,3562.7248903119325,1000,3.431,-1.283,0.316,1172.5,blue,284,TRUE
5,1662012928.691,2647.207093838179,3603.7986839619184,1000,3.399,-1.199,0.309,1175.4,blue,284,TRUE
6,1662012933.475,2658.7250147140007,3663.976580978852,1000,3.45,-1.177,0.292,1174.5,blue,284,TRUE
7,1662012935.824,2609.4915602073424,3535.541377146614,1000,3.452,-1.176,0.285,121.6,blue,284,TRUE
8,1662012935.929,1010.1583386007587,-869.0864032377132,1000,0.045,-1.362,-1.707,150.9,red,284,TRUE
9,1662012937.287,2768.348205306276,3497.8513618335714,1000,3.452,-1.175,0.286,1197.6,blue,284,TRUE
10,1662012939.694,2763.7901270869,3489.225767068198,1000,3.463,-1.169,0.289,1175.4,blue,284,TRUE
11,1662012942.073,2826.8464054656147,3456.8697773212375,1000,3.451,-1.184,0.298,1193.5,blue,284,TRUE
12,1662012946.939,2634.2812578964795,3878.7043069495344,1000,4.379,-1.275,0.001,1170.9,blue,284,TRUE
13,1662012949.282,2569.6822054449594,4392.6940662665365,1000,4.055,-1.17,0.238,106.3,blue,284,TRUE
14,1662012949.375,1204.1899764888096,336.52612550304804,1000,4.91,-1.324,-2.309,148.0,red,284,TRUE
15,1662012950.717,2508.844626905637,4944.160957669689,1000,4.057,-1.177,0.196,1177.8,blue,284,TRUE
16,1662012953.088,2421.8881489294845,5436.618191897066,1000,3.638,-1.301,0.243,1183.8,blue,284,TRUE
17,1662012957.925,2329.661457087232,5890.694508708303,1000,3.896,-1.234,0.269,1176.6,blue,284,TRUE
18,1662012960.295,2136.266710333173,6327.328248284429,1000,3.917,-1.218,0.278,1195.8,blue,284,TRUE
19,1662012962.683,2136.2295830687153,6405.850646547299,1000,3.928,-1.23,0.264,1169.3,blue,284,TRUE
20,1662012969.963,2050.09689979065,6279.1354767061375,1000,3.952,-1.239,0.243,1172.5,blue,284,TRUE
21,1662012972.343,1945.1328157655553,6231.591081980411,1000,3.966,-1.227,0.257,1179.5,blue,284,TRUE
22,1662012974.714,1788.2611715403752,6270.385104736763,1000,3.985,-1.221,0.256,1176.6,blue,284,TRUE
23,1662012977.082,1715.8357757176343,6249.077672346123,1000,4.622,-1.271,0.243,1195.5,blue,284,TRUE
24,1662012979.467,1869.4091502046747,6295.241710982959,1000,0.564,-1.501,-0.061,1194.7,blue,284,TRUE
25,1662012981.871,2089.2899430622647,5922.405128643727,1000,1.385,-1.334,-0.336,1175.2,blue,284,TRUE
26,1662012991.503,6479.816934881062,249.65750953822157,1000,4.56,-1.333,-0.14,1178.5,blue,284,TRUE
27,1662012996.342,6033.667196462578,845.5725580955258,1000,4.548,-1.312,0.079,1174.6,blue,284,TRUE
28,1662012998.709,5715.767150034855,1142.8802144885985,1000,4.472,-1.342,-0.615,1177.5,blue,284,TRUE
29,1662013005.998,5786.01477797277,1296.1943823712127,1000,4.394,-1.261,-1.325,1176.6,blue,284,TRUE
30,1662013010.784,5585.736417597856,1218.5699204805555,1000,3.53,-1.318,-0.456,104.4,blue,284,TRUE
31,1662013010.876,1654.1103082775699,1437.2782416306065,1000,0.276,-1.348,-2.558,150.9,red,284,TRUE
32,1662013012.22,5200.501794157804,1423.8277883350756,1000,4.318,-1.388,-0.478,1175.6,blue,284,TRUE
33,1662013014.59,4276.135291087322,2079.7307238565795,1000,3.791,-1.331,0.164,1195.1,blue,284,TRUE
34,1662013024.374,4216.84629602957,2074.1087722295656,1000,5.243,-1.35,0.12,107.4,blue,284,TRUE
35,1662013024.47,2139.591314173105,2510.0250214386415,1000,0.328,-1.346,-2.629,145.2,red,284,TRUE
36,1662013025.806,4203.950292512954,2071.600059496807,1000,5.017,-1.199,0.242,1192.6,blue,284,TRUE
37,1662013031.692,2530.076242070144,3397.67156860081,1000,1.433,-1.345,-2.358,1174.6,red,284,TRUE
38,1662013036.473,4069.600722069715,1996.9559948739459,1000,5.459,-1.078,-1.22,1175.6,blue,284,TRUE
39,1662013052.487,4020.17618768475,2441.757140640667,1000,3.394,-1.439,-1.142,1171.4,blue,284,TRUE
40,1662013060.588,4551.270195964337,2241.7497444764062,1000,5.762,-1.311,-0.406,1172.4,blue,284,TRUE
41,1662013062.965,5347.65706381773,1807.4527209919977,1000,4.916,-1.295,-0.374,1178.6,blue,284,TRUE
42,1662013064.402,5442.842329871484,1800.2185283085162,1000,4.15,-1.131,-1.434,104.3,blue,284,TRUE
43,1662013064.494,3280.0139785947326,3902.9372166836306,1000,0.541,-1.268,-2.872,92.1,red,284,TRUE
44,1662013070.665,5758.314786889903,1759.026544953423,1000,5.233,-1.284,-0.646,1173.4,blue,284,TRUE
45,1662013075.504,5880.835859535716,1926.3493291286957,1000,5.897,-1.361,-0.442,1170.1,blue,284,TRUE
46,1662013080.304,6194.292704816867,1529.8111582512495,1000,5.512,-1.211,-0.671,1170.1,blue,284,TRUE
47,1662013085.148,6278.645980422378,1591.031554733656,1000,5.42,-1.36,-0.352,1174.0,blue,284,TRUE
48,1662013089.949,6268.368020900137,1631.753152666365,1000,5.163,-1.453,-0.079,1175.4,blue,284,TRUE
49,1662013092.329,6324.166787613634,1647.9448581708305,1000,5.391,-1.389,-0.575,1172.2,blue,284,TRUE
50,1662013094.719,6147.635138495444,1620.4461606489374,1000,5.405,-1.325,-0.587,1170.1,blue,284,TRUE
51,1662013097.08,6239.273496813249,1542.7462370465394,1000,5.173,-1.281,-0.807,1178.9,blue,284,TRUE
52,1662013099.467,6124.961991314875,1639.2950041778106,1000,4.694,-1.292,-0.649,1181.1,blue,284,TRUE
53,1662013101.852,5639.693515162607,1667.49059945975,1000,3.701,-1.29,-1.253,1176.1,blue,284,TRUE
54,1662013104.219,5678.5289397300485,1660.4613958991704,1000,5.0,-1.298,-0.695,1180.5,blue,284,TRUE
55,1662013106.592,5646.205342595757,1678.381373378521,1000,4.783,-1.274,-0.568,1181.4,blue,284,TRUE
56,1662013108.979,5613.83252719335,1697.5765982453383,1000,4.804,-1.269,-0.596,1179.6,blue,284,TRUE
57,1662013111.367,5406.138547022741,1758.819393943046,1000,4.672,-1.253,-0.651,1174.8,blue,284,TRUE
58,1662013113.735,5247.337196436411,1709.388647604239,1000,3.899,-1.236,-0.697,1195.9,blue,284,TRUE
59,1662013118.614,5485.798166707066,1856.3697262693968,1000,4.868,-1.307,-0.575,1176.1,blue,284,TRUE
60,1662013123.463,5442.875520187871,1803.9967078148356,1000,4.718,-1.245,-0.43,1173.1,blue,284,TRUE
61,1662013125.845,5373.517766866556,1977.134303202435,1000,4.396,-1.125,-1.285,1179.8,blue,284,TRUE
62,1662013133.162,5356.782921184106,1983.2504701104815,1000,4.829,-1.208,-0.249,1177.5,blue,284,TRUE
63,1662013135.526,5439.7075873803815,1850.1240493561127,1000,4.801,-1.193,-0.304,1175.0,blue,284,TRUE
64,1662013137.897,5630.632416527587,1830.2976971964433,1000,4.689,-1.179,-0.302,1179.5,blue,284,TRUE
65,1662013142.738,5708.779160262488,1680.4592226592547,1000,5.106,-1.32,-0.349,1179.9,blue,284,TRUE
66,1662013145.113,5713.245899789767,1776.7389485187753,1000,4.856,-1.359,-0.743,1175.6,blue,284,TRUE
67,1662013149.958,5726.454890247099,1622.0157678134158,1000,4.929,-1.352,-0.488,1173.1,blue,284,TRUE
68,1662013152.342,5785.043976772394,1823.3856060974965,1000,4.919,-1.334,-0.394,1171.2,blue,284,TRUE
69,1662013157.187,5758.49826201711,1852.3647553376843,1000,4.902,-1.362,-0.511,1174.3,blue,284,TRUE
70,1662013159.582,5733.046182239524,1883.9101441404111,1000,4.958,-1.18,-0.254,1178.8,blue,284,TRUE
71,1662013164.326,5594.997701736878,2238.343333683232,1000,4.823,-1.287,-0.358,1175.2,blue,284,TRUE
72,1662013166.707,5680.1225358381,2509.045658009677,1000,4.843,-1.286,-0.377,1180.8,blue,284,TRUE
73,1662013169.077,5787.0965039573175,2191.498123402667,1000,4.84,-1.273,-0.374,1177.1,blue,284,TRUE
74,1662013173.864,5638.158692929164,2518.141457329929,1000,4.957,-1.346,-0.256,1176.7,blue,284,TRUE
75,1662013176.261,5589.577555065032,2025.841980551057,1000,4.745,-1.334,-0.742,1180.2,blue,284,TRUE
76,1662013181.048,5576.065101217474,1864.0861102870247,1000,4.768,-1.368,-1.27,105.0,blue,284,TRUE
77,1662013181.141,4084.701667295241,3972.2187340280775,1000,1.071,-1.309,-2.681,148.7,red,284,TRUE
78,1662013186.004,4886.794895548776,3463.359616802687,1000,0.12,-1.309,-2.294,1175.4,red,284,TRUE
79,1662013189.367,5543.462431052051,2566.3809067922216,1000,0.453,-1.313,-2.279,1174.7,red,284,TRUE
80,1662013199.086,5402.84177132679,1840.7120621620072,1000,4.758,-1.388,-1.825,1178.5,blue,284,TRUE
81,1662013202.53,5564.843256351348,2199.154615649244,1000,0.807,-1.318,-2.39,1181.6,red,284,TRUE
82,1662013203.88,5471.879637307946,1836.3910024601696,1000,4.751,-1.393,-1.659,105.2,blue,284,TRUE
83,1662013203.974,5659.346677132901,2049.3154311252797,1000,0.912,-1.361,-2.422,147.2,red,284,TRUE
84,1662013204.245,5518.695637817534,1825.2272096004763,1000,4.771,-1.395,-1.628,103.3,blue,284,TRUE
85,1662013204.337,5409.862631400251,2269.171132948769,1000,0.882,-1.361,-2.377,90.1,red,284,TRUE
86,1662013204.55,5518.125377479812,1674.651971578163,1000,4.764,-1.396,-1.575,113.5,blue,284,TRUE
87,1662013204.652,4887.409011659855,2162.8962215315314,1000,0.878,-1.37,-2.354,91.6,red,284,TRUE
88,1662013204.845,5519.1899193047075,1715.6250540733636,1000,4.751,-1.392,-1.549,123.7,blue,284,TRUE
89,1662013204.95,4374.75908885647,2171.9362214243374,1000,0.869,-1.37,-2.349,108.9,red,284,TRUE
90,1662013206.285,3721.902161291531,2688.3492249347687,1000,0.909,-1.372,-2.422,152.6,red,284,TRUE
91,1662013206.621,5541.724588340073,1626.0832917201826,1000,4.719,-1.373,-1.248,1144.0,blue,284,TRUE
92,1662013207.915,5545.124487029194,1571.4789759765936,1000,4.784,-1.403,-1.346,122.4,blue,284,TRUE
93,1662013208.02,3701.488513541009,2718.961237491146,1000,0.921,-1.373,-2.428,107.9,red,284,TRUE
94,1662013208.251,5557.188453627542,1592.5281248197998,1000,4.768,-1.416,-1.437,104.0,blue,284,TRUE
95,1662013208.344,3713.3875544963134,2720.985621777836,1000,0.906,-1.373,-2.418,88.3,red,284,TRUE
96,1662013208.583,3393.744341438576,2475.3140054092146,1000,0.92,-1.377,-2.412,1146.3,blue,284,TRUE
97,1662013208.583,4803.919842892192,2719.6400739507026,1000,0.92,-1.377,-2.412,1148.3,red,284,TRUE
98,1662013208.583,5895.139250725661,2716.4986230442505,1000,0.92,-1.377,-2.412,1149.3,red,284,TRUE
99,1662013209.942,4413.346928214174,2061.5577706580348,1000,4.796,-1.425,-1.167,121.0,blue,284,TRUE
100,1662013210.045,5848.869327163761,2724.1843953268,1000,0.913,-1.397,-2.293,107.9,red,284,TRUE
101,1662013211.315,5814.025086124246,2715.5759379368587,1000,0.888,-1.401,-2.245,166.6,red,284,TRUE
102,1662013211.636,4782.893272036331,1921.36019779655,1000,4.734,-1.406,-1.422,113.6,blue,284,TRUE
103,1662013211.755,3749.696352255546,2605.93964366787,1000,0.84,-1.384,-2.219,1128.6,red,284,TRUE
104,1662013212.885,4928.908833356141,1850.8387310305638,1000,4.785,-1.415,-1.035,120.3,blue,284,TRUE
105,1662013212.983,3728.3347413132424,2586.4060929103443,1000,0.778,-1.378,-2.261,156.7,red,284,TRUE
106,1662013213.326,5018.592383425632,1801.124293984787,1000,4.776,-1.416,-1.06,100.4,blue,284,TRUE
107,1662013213.413,3720.529063484051,2592.044924592056,1000,0.803,-1.371,-2.313,102.9,red,284,TRUE
108,1662013213.669,5532.190167357152,1678.317238671311,1000,4.789,-1.425,-1.1,1148.2,blue,284,TRUE
109,1662013215.058,5521.037847769701,1656.812863892389,1000,4.82,-1.422,-1.114,123.0,blue,284,TRUE
110,1662013215.163,3709.1666732883996,2638.4358965208344,1000,0.816,-1.377,-2.271,95.0,red,284,TRUE
111,1662013215.36,5473.497400655057,1666.9720845799247,1000,4.795,-1.422,-1.053,138.4,blue,284,TRUE
112,1662013215.465,3696.462175462207,2665.1400596815247,1000,0.815,-1.377,-2.278,107.8,red,284,TRUE
113,1662013215.699,5437.119413661818,1672.2442873481593,1000,4.801,-1.426,-1.04,100.4,blue,284,TRUE
114,1662013215.787,3699.4681432341677,2707.1951145678922,1000,0.824,-1.377,-2.286,91.5,red,284,TRUE
115,1662013216.009,5412.743025665615,1672.838696558676,1000,4.803,-1.429,-1.074,123.4,blue,284,TRUE
116,1662013216.114,3696.8849163704417,2727.0228437517767,1000,0.82,-1.378,-2.279,168.2,red,284,TRUE
117,1662013216.497,5421.293886472243,1684.2668114175583,1000,4.848,-1.432,-1.036,121.3,blue,284,TRUE
118,1662013216.601,3692.4113960006184,2745.487431089818,1000,0.824,-1.379,-2.281,97.0,red,284,TRUE
119,1662013216.801,5401.838113313595,1683.2258356444963,1000,4.944,-1.418,-0.803,103.9,blue,284,TRUE
120,1662013216.893,3689.9932243782464,2759.947173668576,1000,0.849,-1.385,-2.262,90.9,red,284,TRUE
121,1662013219.508,5391.501651708299,1677.6511124218734,1000,5.132,-1.341,-0.371,110.2,blue,284,TRUE
122,1662013219.605,3689.4559558474866,2720.2002861315805,1000,0.796,-1.373,-2.225,149.3,red,284,TRUE
123,1662013219.851,5398.746777930276,1660.6455068206185,1000,5.132,-1.345,-0.386,146.6,blue,284,TRUE
124,1662013219.98,3686.162701121468,2705.0399486856672,1000,0.833,-1.377,-2.262,107.3,red,284,TRUE
125,1662013220.231,5425.940434209004,1638.3956894596274,1000,5.031,-1.364,-0.429,112.0,blue,284,TRUE
126,1662013220.33,3679.801947246165,2662.531403317291,1000,0.833,-1.377,-2.26,92.0,red,284,TRUE
127,1662013220.55,5482.384461612332,1665.830684863189,1000,5.029,-1.38,-0.47,122.2,blue,284,TRUE
128,1662013220.656,3670.5379367658447,2661.316016359969,1000,0.836,-1.376,-2.28,95.7,red,284,TRUE
129,1662013220.974,5497.156631540917,1652.8686783269814,1000,5.03,-1.39,-0.491,122.8,blue,284,TRUE
130,1662013221.079,3669.443467655181,2667.0230011657795,1000,0.824,-1.377,-2.306,154.0,red,284,TRUE
131,1662013221.327,5514.400173756875,1653.2637943575335,1000,5.034,-1.384,-0.427,115.7,blue,284,TRUE
132,1662013221.426,3675.2008202860397,2677.123345884412,1000,0.846,-1.374,-2.302,105.8,red,284,TRUE
133,1662013221.669,5519.758198954297,1676.7775918938685,1000,5.043,-1.381,-0.396,104.3,blue,284,TRUE
134,1662013221.759,3687.557776953155,2691.5551253855115,1000,0.824,-1.371,-2.296,95.8,red,284,TRUE
135,1662013221.97,5534.399288447577,1685.0990318889583,1000,5.015,-1.381,-0.382,136.4,blue,284,TRUE
136,1662013222.076,3705.280117091114,2672.8587636336183,1000,0.821,-1.37,-2.267,107.4,red,284,TRUE
137,1662013222.411,5553.771965208631,1709.778333805325,1000,5.031,-1.373,-0.505,102.9,blue,284,TRUE
138,1662013222.5,3719.1717249135195,2642.9338394553074,1000,0.801,-1.37,-2.206,164.4,red,284,TRUE
139,1662013222.762,5544.1127301507395,1694.8472985538867,1000,5.034,-1.372,-0.461,99.2,blue,284,TRUE
140,1662013222.85,3739.533918913585,2600.049454113408,1000,0.805,-1.369,-2.21,88.9,red,284,TRUE
141,1662013223.086,5537.708231294381,1678.989644430073,1000,5.04,-1.362,-0.382,122.2,blue,284,TRUE
142,1662013223.191,3750.528425984435,2582.0134859534414,1000,0.792,-1.372,-2.173,95.7,red,284,TRUE
143,1662013223.389,5537.442840962768,1659.5003976975865,1000,5.022,-1.368,-0.373,122.4,blue,284,TRUE
144,1662013223.494,3748.0763597168184,2557.3389302254545,1000,0.849,-1.38,-2.205,106.7,red,284,TRUE
145,1662013223.829,5552.949113155584,1614.890481883017,1000,5.004,-1.374,-0.384,105.0,blue,284,TRUE
146,1662013223.923,3752.9477148701294,2557.2677856971804,1000,0.777,-1.361,-2.269,145.0,red,284,TRUE
147,1662013224.217,5541.553066864795,1607.0495444196556,1000,4.98,-1.39,-0.4,107.1,blue,284,TRUE
148,1662013224.31,3748.665025952019,2560.2648560125904,1000,0.81,-1.362,-2.314,92.4,red,284,TRUE
149,1662013224.519,5529.481132056609,1614.79280373829,1000,4.988,-1.4,-0.505,125.1,blue,284,TRUE
150,1662013224.625,3745.1208332953097,2573.5680442615644,1000,0.827,-1.359,-2.33,98.4,red,284,TRUE
151,1662013224.828,5524.33644781054,1598.3210143330507,1000,4.862,-1.42,-0.642,102.1,blue,284,TRUE
152,1662013224.918,3729.763959455395,2593.1059768046266,1000,0.827,-1.358,-2.332,91.2,red,284,TRUE
153,1662013225.261,5516.115490692629,1620.0324812468896,1000,4.968,-1.486,-0.045,104.2,blue,284,TRUE
154,1662013225.352,3739.8902392411674,2585.6639830057047,1000,0.832,-1.367,-2.328,149.3,red,284,TRUE
155,1662013225.635,5489.238444892896,1634.3535407879071,1000,4.941,-1.461,-3.038,94.6,blue,284,TRUE
156,1662013225.716,3756.944411948088,2569.693856389427,1000,0.86,-1.359,-2.406,91.4,red,284,TRUE
157,1662013225.923,5533.550324396081,1634.6153237001008,1000,4.167,-1.107,-1.973,124.5,blue,284,TRUE
158,1662013226.03,3793.1257572790123,2523.2677889454103,1000,0.84,-1.353,-2.369,106.7,red,284,TRUE
159,1662013226.26,5589.161532692488,1663.6807947402315,1000,3.691,-0.839,-1.913,104.1,blue,284,TRUE
160,1662013226.353,3829.8983962676652,2493.41736503137,1000,0.815,-1.354,-2.331,90.0,red,284,TRUE
161,1662013226.699,5569.054855207792,1609.1931588076848,1000,4.336,-1.154,-1.913,101.1,blue,284,TRUE
162,1662013226.787,3850.708389799335,2513.2064180423617,1000,0.748,-1.366,-2.261,150.9,red,284,TRUE
163,1662013227.056,5580.986465394811,1620.5678820541573,1000,4.771,-1.366,-1.706,121.4,blue,284,TRUE
164,1662013227.162,3847.3868463088697,2534.0836847405994,1000,0.683,-1.35,-2.261,94.4,red,284,TRUE
165,1662013227.359,5607.391137733979,1617.4607190317663,1000,4.346,-1.227,-1.51,108.0,blue,284,TRUE
166,1662013227.453,3843.046672511145,2575.073224134962,1000,0.71,-1.354,-2.254,103.3,red,284,TRUE
167,1662013227.703,5567.599077955965,1585.866482333279,1000,3.895,-1.25,-1.481,107.5,blue,284,TRUE
168,1662013227.798,3859.7394867907005,2606.359084102315,1000,0.736,-1.356,-2.255,93.9,red,284,TRUE
169,1662013228.114,5398.374101142599,1495.5709279973928,1000,3.343,-1.345,-1.205,122.9,blue,284,TRUE
170,1662013228.218,3818.5912083315015,2685.978042846494,1000,0.744,-1.356,-2.289,151.9,red,284,TRUE
171,1662013228.473,5209.043619730986,1394.1446445808394,1000,3.122,-1.384,-1.316,122.3,blue,284,TRUE
172,1662013228.578,3802.035958776613,2755.411840293445,1000,0.772,-1.361,-2.282,107.4,red,284,TRUE
173,1662013228.809,4978.738885682495,1371.5486357661578,1000,3.338,-1.343,-0.906,117.2,blue,284,TRUE
174,1662013228.955,3706.0189349376255,2587.076363739027,1000,0.803,-1.366,-2.285,1113.0,red,284,TRUE
175,1662013230.07,4508.622818278959,1470.4531012101727,1000,4.646,-1.24,-0.782,115.8,blue,284,TRUE
176,1662013230.169,3720.727272048717,2562.9255019321236,1000,0.784,-1.361,-2.293,151.7,red,284,TRUE
177,1662013230.486,4043.853155127685,1671.3012182387167,1000,5.223,-1.299,-0.858,123.3,blue,284,TRUE
178,1662013230.592,3635.5965381549136,2580.434712769797,1000,0.772,-1.359,-2.319,106.5,red,284,TRUE
179,1662013231.858,3678.6467196421872,2559.4174498062494,1000,0.921,-1.389,-2.303,151.3,red,284,TRUE
180,1662013232.204,3988.0812027885295,1998.788804273605,1000,1.295,-1.298,-0.909,108.1,blue,284,TRUE
181,1662013232.298,3708.9352324014035,2552.0759962178913,1000,0.843,-1.389,-2.116,93.1,red,284,TRUE
182,1662013232.537,4103.511696713994,2346.2732438695857,1000,1.552,-1.273,-0.748,122.4,blue,284,TRUE
183,1662013232.642,3720.2642173774443,2555.055292764866,1000,0.765,-1.376,-2.064,102.8,red,284,TRUE
184,1662013232.844,4300.02003669373,2706.8435380662913,1000,1.62,-1.392,-0.898,118.2,blue,284,TRUE
185,1662013232.95,3723.808146229772,2567.0636172215986,1000,0.802,-1.345,-2.2,89.8,red,284,TRUE
186,1662013233.232,4561.029172694002,3029.4970857133726,1000,1.288,-1.317,-0.666,122.0,blue,284,TRUE
187,1662013233.34,3729.636990459588,2575.3129878403456,1000,0.834,-1.334,-2.292,148.1,red,284,TRUE
188,1662013233.667,5134.567626870127,3131.1037496420977,1000,1.229,-1.316,-0.741,106.8,blue,284,TRUE
189,1662013233.76,3797.0751306040474,2544.228852568587,1000,0.876,-1.34,-2.482,92.3,red,284,TRUE
190,1662013235.023,3786.392899575703,2588.348595271364,1000,6.237,-1.277,-2.039,1189.5,red,284,TRUE
191,1662013237.341,3780.9894869799336,2612.605808982187,1000,0.722,-1.344,-2.867,149.9,red,284,TRUE
192,1662013237.688,5626.734980041438,3163.9887403856396,1000,0.992,-1.258,-0.312,106.8,blue,284,TRUE
193,1662013237.78,3775.31908244427,2612.658778755315,1000,0.798,-1.368,-2.827,95.1,red,284,TRUE
194,1662013238.004,5861.536800707722,3118.907908947292,1000,0.668,-1.262,-0.401,121.7,blue,284,TRUE
195,1662013238.109,3780.9451107894183,2603.3522920448554,1000,0.831,-1.346,-2.814,108.7,red,284,TRUE
196,1662013239.363,3774.062844069725,2601.4955416960734,1000,0.878,-1.313,-2.882,150.8,red,284,TRUE
197,1662013239.707,5918.435447654782,3053.733145339982,1000,1.823,-1.393,-0.588,106.8,blue,284,TRUE
198,1662013239.801,3752.389059880461,2631.9712723355965,1000,0.782,-1.359,-2.838,90.5,red,284,TRUE
199,1662013241.081,3740.087252097521,2614.8762704076016,1000,0.79,-1.402,-2.761,152.7,red,284,TRUE
200,1662013242.489,3731.9627622790213,2620.741569310712,1000,0.718,-1.409,-2.749,149.2,red,284,TRUE
201,1662013243.936,3718.2085985181434,2643.098235666986,1000,0.694,-1.38,-2.794,151.3,red,284,TRUE
202,1662013245.369,3715.3697223746676,2664.110953365911,1000,0.615,-1.358,-2.731,152.2,red,284,TRUE
203,1662013246.786,3711.3327296802368,2715.3668898540823,1000,0.293,-1.381,-2.265,152.2,red,284,TRUE
204,1662013248.218,3701.65334263236,2738.7173740476296,1000,0.097,-1.317,-2.205,151.0,red,284,TRUE
205,1662013249.652,3710.9045609679356,2802.1241336378785,1000,5.8,-1.309,-2.306,150.6,red,284,TRUE
206,1662013250.99,3725.070793283064,2881.2876843918007,1000,0.371,-1.431,-2.511,149.1,red,284,TRUE
207,1662013252.332,3893.590607163296,3090.5257089393012,1000,0.412,-1.37,-2.541,1167.5,red,284,TRUE
208,1662013254.703,3934.22536824186,3274.632705742335,1000,0.431,-1.37,-2.577,1186.1,red,284,TRUE
209,1662013259.427,3963.870971091545,3299.116028777587,1000,0.466,-1.358,-2.639,1174.5,red,284,TRUE
210,1662013261.805,3993.495519993237,3371.7756912589543,1000,0.502,-1.371,-2.653,1173.7,red,284,TRUE
211,1662013263.132,5979.639232330498,2854.519113148126,1000,2.08,-1.271,-0.702,119.0,blue,284,TRUE
212,1662013263.234,4009.239763508304,3388.8049174379958,1000,0.489,-1.359,-2.666,153.0,red,284,TRUE
213,1662013264.577,4009.801329856214,3376.7781028959002,1000,0.49,-1.371,-2.639,151.3,red,284,TRUE
214,1662013264.884,6066.695511069026,2701.9038812994663,1000,2.261,-1.309,-0.543,100.1,blue,284,TRUE
215,1662013264.973,3869.925644431601,3239.3228367883785,1000,0.492,-1.376,-2.627,90.0,red,284,TRUE
216,1662013266.315,3844.771146126119,3115.7518928052136,1000,0.49,-1.356,-2.677,163.7,red,284,TRUE
217,1662013267.667,3829.67310314665,3127.5175489987228,1000,0.494,-1.36,-2.669,151.8,red,284,TRUE
218,1662013267.98,6038.920087515017,2619.953561161379,1000,2.025,-1.264,-0.862,125.8,blue,284,TRUE
219,1662013268.09,3813.084443520109,3108.502591986511,1000,0.499,-1.364,-2.666,106.8,red,284,TRUE
220,1662013269.358,3838.944874681783,3143.970018596868,1000,0.507,-1.362,-2.678,1177.5,red,284,TRUE
221,1662013271.753,3828.3910621001874,3141.723033998458,1000,0.512,-1.367,-2.669,150.0,red,284,TRUE
222,1662013273.091,3314.8434332088686,2414.0727698992355,1000,0.514,-1.369,-2.663,1177.4,red,284,TRUE
223,1662013275.477,3769.4238873492395,1532.7403426087633,1000,0.531,-1.374,-2.662,1169.6,red,284,TRUE
224,1662013277.821,3782.2933707387115,1577.4093143721732,1000,0.439,-1.397,-2.542,1173.4,red,284,TRUE
225,1662013280.221,3789.6017220595736,1590.142990401535,1000,0.574,-1.382,-2.718,148.9,red,284,TRUE
226,1662013283.907,3763.3384795559164,1558.5052046421358,1000,0.611,-1.336,-2.795,1178.3,red,284,TRUE
227,1662013286.276,3745.836326864337,1590.9687469095636,1000,0.614,-1.331,-2.802,1193.5,red,284,TRUE
228,1662013291.017,4235.392359501708,2303.388396444467,1000,0.623,-1.354,-2.771,1175.4,red,284,TRUE
229,1662013293.385,3804.026008507039,3183.874092483291,1000,0.622,-1.34,-2.794,1179.2,red,284,TRUE
230,1662013295.679,3815.349273172776,3142.9354126657313,1000,0.624,-1.342,-2.795,149.1,red,284,TRUE
231,1662013296.01,6085.403395877221,2542.765704811552,1000,1.094,-1.32,-0.589,107.7,blue,284,TRUE
232,1662013296.104,3843.1119052400195,3140.151586091985,1000,0.624,-1.343,-2.794,92.1,red,284,TRUE
233,1662013297.323,3863.153784459329,3130.975807525669,1000,0.624,-1.341,-2.796,151.9,red,284,TRUE
234,1662013298.757,3905.218987414453,3103.1886450117686,1000,0.617,-1.333,-2.805,151.1,red,284,TRUE
235,1662013300.191,3944.8467790280556,3116.8230632693917,1000,0.616,-1.329,-2.809,149.3,red,284,TRUE
236,1662013301.532,3927.0245023398584,3123.117744868965,1000,0.609,-1.338,-2.809,150.9,red,284,TRUE
237,1662013305.223,3943.581062407719,3118.150883179726,1000,0.604,-1.369,-2.755,1178.7,red,284,TRUE
238,1662013307.548,3932.391317644551,3102.010291901563,1000,0.614,-1.353,-2.79,150.4,red,284,TRUE
239,1662013307.872,6108.61969066703,2441.973055551253,1000,1.274,-1.247,-1.005,102.0,blue,284,TRUE
240,1662013307.963,3927.8433541517443,3091.2078951277363,1000,0.614,-1.355,-2.787,90.7,red,284,TRUE
241,1662013309.275,3928.96549514075,3084.9766185340595,1000,0.611,-1.353,-2.788,153.0,red,284,TRUE
242,1662013309.592,6186.483705661768,2443.46187329586,1000,0.936,-1.048,-1.057,122.3,blue,284,TRUE
243,1662013309.698,3935.033617483472,3086.7883263078406,1000,0.613,-1.354,-2.788,103.7,red,284,TRUE
244,1662013311.024,3923.8760760410555,3069.4784628477832,1000,0.614,-1.357,-2.784,152.5,red,284,TRUE
245,1662013311.346,6163.40686026214,2546.87202843579,1000,1.32,-1.273,-0.571,118.3,blue,284,TRUE
246,1662013311.44,3899.8658354626423,3063.4755686104204,1000,0.614,-1.358,-2.782,102.3,red,284,TRUE
247,1662013312.762,3890.2439255040335,3068.2203299448206,1000,0.619,-1.352,-2.797,150.4,red,284,TRUE
248,1662013321.166,3799.0678089267203,3076.9358802394418,1000,0.654,-1.35,-2.847,1177.9,red,284,TRUE
249,1662013323.525,3778.4331115801615,3061.056854514952,1000,0.657,-1.354,-2.845,145.2,red,284,TRUE
250,1662013324.881,3756.8014161499245,3050.439244647982,1000,0.662,-1.358,-2.838,151.3,red,284,TRUE
251,1662013325.227,6148.771583488323,2639.894887788609,1000,0.973,-1.325,-0.646,105.4,blue,284,TRUE
252,1662013325.318,3769.2418526112997,3059.133456707521,1000,0.665,-1.368,-2.826,91.2,red,284,TRUE
253,1662013326.52,3765.5038386897304,3056.042722370494,1000,0.661,-1.367,-2.823,153.0,red,284,TRUE
254,1662013327.928,4238.8956865267655,2210.3009151128285,1000,0.661,-1.371,-2.809,1178.4,red,284,TRUE
255,1662013330.31,4306.041800813712,2218.127533866675,1000,0.666,-1.377,-2.799,1193.3,red,284,TRUE
256,1662013332.635,4354.450302700934,2227.407784814896,1000,0.632,-1.396,-2.751,1176.6,red,284,TRUE
257,1662013335.023,4393.005629084853,2389.6599418985775,1000,6.245,-1.173,-2.416,1171.4,red,284,TRUE
258,1662013337.324,4196.9259146516915,2733.4994246507135,1000,5.191,-1.38,-3.119,1178.1,red,284,TRUE
259,1662013339.726,4390.408334287812,3602.4263504200803,1000,0.173,-1.31,-2.172,148.9,red,284,TRUE
260,1662013341.065,4174.948833909536,5372.990109663567,1000,1.25,-1.354,-2.591,1197.0,red,284,TRUE
261,1662013343.465,4121.793800945539,5744.553858205156,1000,2.004,-1.478,-3.052,1175.8,red,284,TRUE
262,1662013348.219,4075.132130598231,5726.821518904905,1000,0.874,-1.386,-2.363,1175.4,red,284,TRUE
263,1662013349.563,6226.0158165008315,2524.884763119225,1000,2.313,-1.391,-1.142,103.6,blue,284,TRUE
264,1662013349.653,4060.4105963227903,5461.549842145133,1000,0.889,-1.392,-2.34,150.8,red,284,TRUE
265,1662013350.934,4253.351876660512,4996.048751736456,1000,0.892,-1.373,-2.443,104.7,red,284,TRUE
266,1662013352.288,4081.461805844834,4019.0406668843775,1000,1.094,-1.402,-2.546,153.6,red,284,TRUE
267,1662013353.645,3652.870113872347,3021.381332711376,1000,1.047,-1.405,-2.521,1177.0,red,284,TRUE
268,1662013360.722,3614.591843295613,2552.0670701062977,1000,0.814,-1.378,-2.194,1182.0,red,284,TRUE
269,1662013363.111,3541.303776665451,2455.334255760657,1000,0.821,-1.39,-2.155,1193.2,red,284,TRUE
270,1662013365.438,3513.6854556803933,2411.344568293934,1000,0.724,-1.397,-1.993,1196.4,red,284,TRUE
271,1662013367.77,3596.245053410284,2395.898954285738,1000,0.755,-1.412,-1.729,149.7,red,284,TRUE
272,1662013368.1,6283.920788757805,2410.3831049537166,1000,2.502,-1.331,-0.3,121.9,blue,284,TRUE
273,1662013368.205,3639.8911850681047,2379.0784015729014,1000,0.753,-1.413,-1.714,107.2,red,284,TRUE
274,1662013369.476,3698.0426140519726,2378.603939631444,1000,0.853,-1.407,-2.19,1174.4,red,284,TRUE
275,1662013371.856,3788.0736626241774,2342.137897835332,1000,0.766,-1.393,-1.931,1177.1,red,284,TRUE
276,1662013375.53,6260.653612469437,2270.8667009635324,1000,2.558,-1.323,-0.56,142.2,blue,284,TRUE
277,1662013375.659,3818.396993167344,2375.167069851121,1000,0.759,-1.367,-2.176,164.6,red,284,TRUE
278,1662013377.076,3798.1960400375433,2389.8191845937827,1000,0.829,-1.36,-2.314,150.5,red,284,TRUE
279,1662013377.398,6199.605184112963,2220.2221937657737,1000,2.407,-1.288,-0.382,102.8,blue,284,TRUE
280,1662013377.49,3687.7871392441352,2419.3259082654654,1000,0.855,-1.37,-2.366,91.4,red,284,TRUE
281,1662013378.74,3557.972945016096,2401.5451121831024,1000,0.706,-1.33,-2.319,150.8,red,284,TRUE
282,1662013380.156,3647.252384267716,2339.146601979084,1000,0.714,-1.354,-2.154,151.3,red,284,TRUE
283,1662013381.503,3643.961797421564,2340.662797157283,1000,0.772,-1.406,-2.153,148.0,red,284,TRUE
284,1662013381.906,3663.875538706354,2284.071780252765,1000,0.777,-1.408,-2.124,94.5,red,284,TRUE
285,1662013382.369,3665.1194417190604,2305.4397037298504,1000,0.769,-1.372,-2.138,88.6,red,284,TRUE
286,1662013382.618,3656.4263311841355,2268.41943445481,1000,0.803,-1.379,-2.215,109.1,red,284,TRUE
287,1662013382.909,3692.7145890531797,2309.118137699292,1000,0.802,-1.384,-2.196,148.0,red,284,TRUE
288,1662013383.269,6219.391889554366,2127.952190696806,1000,2.526,-1.302,-0.394,121.0,blue,284,TRUE
289,1662013383.377,3689.353077342874,2293.5448740538045,1000,0.814,-1.394,-2.209,94.9,red,284,TRUE
290,1662013384.568,3675.4940162199587,2256.694196115285,1000,0.832,-1.38,-2.268,152.8,red,284,TRUE
291,1662013384.933,6161.615703156334,2072.542261570419,1000,3.039,-1.366,-0.454,104.3,blue,284,TRUE
292,1662013385.027,3668.197566195975,2243.9620359798773,1000,0.837,-1.378,-2.283,93.2,red,284,TRUE
293,1662013385.246,6026.550258131535,2131.7947035086563,1000,3.095,-1.352,-0.326,121.3,blue,284,TRUE
294,1662013385.351,3659.0257393288025,2214.83490602977,1000,0.837,-1.374,-2.302,98.0,red,284,TRUE
295,1662013385.565,5882.210127638983,2190.267828487734,1000,2.925,-1.344,-0.307,122.6,blue,284,TRUE
296,1662013385.67,3656.5931134568455,2205.3437723798397,1000,0.828,-1.368,-2.332,108.0,red,284,TRUE
297,1662013385.902,5778.616594097405,2285.911961828188,1000,2.789,-1.353,-0.309,104.0,blue,284,TRUE
298,1662013385.993,3635.191338797571,2211.520007024527,1000,0.832,-1.361,-2.387,147.9,red,284,TRUE
299,1662013386.366,5707.056644844049,2323.8578397067163,1000,2.582,-1.352,-0.356,106.9,blue,284,TRUE
300,1662013386.46,3634.256082909706,2254.1355697712766,1000,0.778,-1.344,-2.119,91.6,red,284,TRUE
301,1662013386.683,5598.048674969304,2375.7778187588324,1000,2.343,-1.32,-0.509,122.0,blue,284,TRUE
302,1662013386.788,3741.1884993792096,2257.987548744352,1000,0.993,-1.371,-2.206,95.7,red,284,TRUE
303,1662013386.976,5633.916013593651,2321.860337322039,1000,2.166,-1.314,-0.518,133.3,blue,284,TRUE
304,1662013387.099,3819.991632313297,2270.4180154784376,1000,1.158,-1.389,-2.555,90.3,red,284,TRUE
305,1662013389.669,5709.727658484614,2341.2170256817285,1000,2.385,-1.323,-0.303,100.2,blue,284,TRUE
306,1662013389.755,3863.9673237810443,2292.5454414156684,1000,1.163,-1.298,-2.737,163.3,red,284,TRUE
307,1662013390.034,5755.426282222408,2287.3676197070577,1000,2.398,-1.301,-0.304,112.8,blue,284,TRUE
308,1662013390.134,3961.569859777513,2307.630008578971,1000,1.302,-1.322,-2.886,95.8,red,284,TRUE
309,1662013390.36,5818.249895176878,2159.4664942908644,1000,2.369,-1.292,-0.317,103.2,blue,284,TRUE
310,1662013390.449,4033.2380025904367,2276.8706783808243,1000,1.493,-1.388,-2.669,97.1,red,284,TRUE
311,1662013390.672,5914.824635009136,1977.0110023564596,1000,2.358,-1.286,-0.356,124.9,blue,284,TRUE
312,1662013390.777,4148.292344316335,2244.177786641696,1000,1.092,-1.371,-2.099,97.5,red,284,TRUE
313,1662013391.085,5988.482758235765,1819.680994667446,1000,2.369,-1.293,-0.36,103.8,blue,284,TRUE
314,1662013391.179,4112.649905251631,2265.752445068382,1000,0.77,-1.374,-2.189,145.9,red,284,TRUE
315,1662013391.455,6008.45603139469,1793.5099429604359,1000,2.377,-1.299,-0.375,114.9,blue,284,TRUE
316,1662013391.558,4025.176046761723,2275.6190928880064,1000,0.903,-1.373,-2.802,89.3,red,284,TRUE
317,1662013392.837,3940.237167349422,2353.0361068007296,1000,0.893,-1.376,-2.899,1176.9,red,284,TRUE
318,1662013395.238,3841.5320851662423,2356.7924222787424,1000,0.866,-1.438,-2.755,147.4,red,284,TRUE
319,1662013395.575,5973.864435532814,1709.5943605061086,1000,2.351,-1.283,-0.329,127.2,blue,284,TRUE
320,1662013395.686,3819.1525795853686,2358.9300602740236,1000,0.861,-1.436,-2.796,107.2,red,284,TRUE
321,1662013396.997,3693.012007347314,2376.523014113012,1000,0.876,-1.432,-2.813,167.0,red,284,TRUE
322,1662013398.415,3593.1169554813273,2370.984247306445,1000,0.912,-1.401,-2.975,151.8,red,284,TRUE
323,1662013398.76,5976.784548105573,1778.4665624895836,1000,3.0,-1.369,-0.52,122.4,blue,284,TRUE
324,1662013398.865,3595.369146321669,2365.176862087937,1000,0.908,-1.404,-2.962,95.0,red,284,TRUE
325,1662013400.087,3619.7986182212753,2272.5007868128737,1000,0.916,-1.409,-2.952,150.9,red,284,TRUE
326,1662013400.391,5955.656995715472,1933.0284679579754,1000,2.367,-1.322,-0.425,103.4,blue,284,TRUE
327,1662013400.484,3652.514238699874,2275.483434978711,1000,0.912,-1.407,-2.915,91.4,red,284,TRUE
328,1662013400.719,5923.426610740244,2073.7032519114223,1000,2.313,-1.408,-0.136,123.0,blue,284,TRUE
329,1662013400.824,3604.6985903309455,2264.8001351405355,1000,0.921,-1.401,-2.862,94.7,red,284,TRUE
330,1662013402.051,3591.0630677974464,2237.5138616873296,1000,1.166,-1.334,-2.591,1179.2,red,284,TRUE
331,1662013403.396,5998.957205333776,2180.5606836227657,1000,2.198,-1.311,-0.289,105.1,blue,284,TRUE
332,1662013403.487,3846.572503801204,2032.0046754553125,1000,0.902,-1.342,-1.769,166.9,red,284,TRUE
333,1662013404.842,4043.9329086855228,1913.0742901507656,1000,5.703,-1.317,-2.388,151.5,red,284,TRUE
334,1662013405.15,6060.611142295372,2213.2750646184363,1000,1.837,-1.3,-0.685,98.5,blue,284,TRUE
335,1662013405.238,4268.6094343103205,1830.469145026407,1000,5.721,-1.323,-2.385,92.1,red,284,TRUE
336,1662013406.489,4359.25526053691,1716.279662374348,1000,5.475,-1.237,-1.878,1177.9,red,284,TRUE
337,1662013407.801,5889.971115605161,2362.6704996906765,1000,3.83,-1.26,-0.897,104.2,blue,284,TRUE
338,1662013407.891,4423.599896634087,1563.315580886436,1000,0.255,-1.366,-1.374,150.3,red,284,TRUE
339,1662013408.161,5786.617051546452,2455.6781826754195,1000,3.487,-1.251,-0.622,107.1,blue,284,TRUE
340,1662013408.254,4462.031290773727,1440.0993488598103,1000,0.249,-1.453,-3.028,93.0,red,284,TRUE
341,1662013408.471,5679.428466353124,2486.5710175067757,1000,2.79,-1.225,-0.89,101.4,blue,284,TRUE
342,1662013408.559,4244.376618622292,1525.4455344443313,1000,0.215,-1.413,-2.431,92.3,red,284,TRUE
343,1662013408.794,5567.658174549506,2538.2663982552926,1000,2.508,-1.213,-0.689,107.4,blue,284,TRUE
344,1662013408.888,4124.102505348488,1521.0769215635153,1000,0.193,-1.413,-2.442,95.0,red,284,TRUE
345,1662013409.192,5410.409185563326,2640.671492712289,1000,2.387,-1.229,-0.578,105.5,blue,284,TRUE
346,1662013409.284,3993.0653139266706,1461.1161809958583,1000,0.231,-1.416,-2.447,149.4,red,284,TRUE
347,1662013409.528,5283.062947614442,2710.280307977057,1000,2.161,-1.218,-0.689,101.4,blue,284,TRUE
348,1662013409.616,3941.1449099431034,1434.0628581391954,1000,0.279,-1.405,-2.486,103.9,red,284,TRUE
349,1662013409.868,5403.3035080078,2716.8827359582606,1000,2.268,-1.273,-0.616,108.1,blue,284,TRUE
350,1662013409.963,3926.591449366026,1456.6246887875698,1000,0.277,-1.401,-2.493,93.9,red,284,TRUE
351,1662013410.174,5470.25856963396,2649.9335155107387,1000,2.465,-1.362,-0.58,103.2,blue,284,TRUE
352,1662013410.265,3929.081478905566,1465.2911337183907,1000,0.319,-1.406,-2.521,92.7,red,284,TRUE
353,1662013410.569,5471.080866350032,2650.1663809665206,1000,2.833,-1.352,-0.648,102.3,blue,284,TRUE
354,1662013410.658,3980.865940759266,1458.5183937191305,1000,0.362,-1.401,-2.603,163.2,red,284,TRUE
355,1662013410.949,5437.613030087969,2727.4016727283947,1000,3.482,-1.318,-0.561,101.4,blue,284,TRUE
356,1662013411.039,3969.3522429859827,1464.7008458954124,1000,0.391,-1.403,-2.637,91.4,red,284,TRUE
357,1662013411.251,5303.060264704099,2811.8077619140827,1000,3.903,-1.274,-0.627,102.5,blue,284,TRUE
358,1662013411.341,3896.0804552535847,1481.2770431349063,1000,0.394,-1.4,-2.644,89.2,red,284,TRUE
359,1662013411.531,5135.813847176915,2935.561161729605,1000,3.92,-1.332,-0.816,107.9,blue,284,TRUE
360,1662013411.626,3882.3968572102235,1473.116160699178,1000,0.398,-1.405,-2.633,103.7,red,284,TRUE
361,1662013411.957,4914.112505270661,3046.5685697373992,1000,3.36,-1.377,-0.35,106.1,blue,284,TRUE
362,1662013412.053,3890.6627652152742,1490.1760060728209,1000,0.4,-1.41,-2.617,146.9,red,284,TRUE
363,1662013412.298,4642.42022215512,3176.877276592348,1000,2.978,-1.412,-0.343,112.5,blue,284,TRUE
364,1662013412.396,3893.7795198708177,1499.3397188220588,1000,0.396,-1.417,-2.592,94.6,red,284,TRUE
365,1662013413.588,3804.196025126625,1482.9184903766652,1000,0.225,-1.391,-2.475,152.0,red,284,TRUE
366,1662013413.951,4592.135440677036,3071.1128142823545,1000,1.273,-1.397,-0.571,119.9,blue,284,TRUE
367,1662013414.058,3760.4298323566964,1458.8919454283316,1000,0.215,-1.398,-2.442,91.9,red,284,TRUE
368,1662013414.271,4466.695678117758,2949.779701046282,1000,0.95,-1.354,-0.804,101.7,blue,284,TRUE
369,1662013414.36,3757.347359517213,1442.1218400329853,1000,0.194,-1.401,-2.4,91.7,red,284,TRUE
370,1662013414.553,4441.375204195851,2807.9121069245994,1000,0.916,-1.36,-0.717,153.7,blue,284,TRUE
371,1662013414.689,3708.9010181041176,1491.9934329073637,1000,0.196,-1.412,-2.337,109.3,red,284,TRUE
372,1662013414.921,4374.760256055317,2641.8347791115207,1000,0.911,-1.347,-0.68,118.1,blue,284,TRUE
373,1662013415.015,3673.4151722259994,1526.0871969297416,1000,0.262,-1.434,-2.305,159.9,red,284,TRUE
374,1662013415.402,4383.222174642908,2531.768567066358,1000,0.947,-1.326,-0.569,102.8,blue,284,TRUE
375,1662013415.492,3658.168418469233,1523.562299722301,1000,0.232,-1.422,-2.319,92.5,red,284,TRUE
376,1662013415.698,4400.361243893806,2409.5261764607008,1000,0.998,-1.323,-0.523,123.3,blue,284,TRUE
377,1662013415.804,3678.35857983067,1578.729633637836,1000,0.202,-1.419,-2.321,94.4,red,284,TRUE
378,1662013416.001,4245.897933130365,2511.734122463849,1000,1.057,-1.305,-0.421,153.8,blue,284,TRUE
379,1662013416.136,3664.5386860736885,1594.0101271246451,1000,0.191,-1.417,-2.315,109.1,red,284,TRUE
380,1662013416.345,4213.138865402608,2524.989818859569,1000,1.048,-1.309,-0.439,108.8,blue,284,TRUE
381,1662013416.441,3672.5374556649517,1628.694985068377,1000,0.164,-1.41,-2.315,148.8,red,284,TRUE
382,1662013417.784,3653.154686669403,1654.4605801775217,1000,0.047,-1.362,-2.311,165.2,red,284,TRUE
383,1662013418.107,4069.624634783264,2725.6396996703866,1000,5.656,-1.321,-0.855,128.6,blue,284,TRUE
384,1662013418.22,3628.9656927007604,1626.443345687779,1000,0.038,-1.364,-2.278,95.5,red,284,TRUE
385,1662013418.419,4025.231896178459,2912.6210508998174,1000,6.09,-1.289,-0.95,103.4,blue,284,TRUE
386,1662013418.511,3603.513218364825,1643.5786406098005,1000,0.06,-1.366,-2.278,91.0,red,284,TRUE
387,1662013418.748,4056.04098689385,3091.2115504569338,1000,0.505,-1.304,-0.87,123.7,blue,284,TRUE
388,1662013418.855,3633.567014649434,1627.3874697701813,1000,0.046,-1.361,-2.301,94.6,red,284,TRUE
389,1662013419.112,4261.83851473637,3268.0734476587586,1000,0.952,-1.301,-0.56,122.9,blue,284,TRUE
390,1662013419.219,3667.98331423797,1641.3622224452756,1000,0.041,-1.359,-2.308,153.1,red,284,TRUE
391,1662013419.535,4446.228209562338,3387.555604455511,1000,1.213,-1.37,-0.537,109.9,blue,284,TRUE
392,1662013419.631,3703.7826311444046,1724.6948546836218,1000,0.039,-1.36,-2.302,92.1,red,284,TRUE
393,1662013419.869,4604.389032198686,3476.860296470408,1000,1.57,-1.304,-0.603,107.2,blue,284,TRUE
394,1662013419.963,3711.6274306592786,1692.1971987331142,1000,0.044,-1.364,-2.285,94.0,red,284,TRUE
395,1662013420.185,4804.4134707899575,3227.406176729317,1000,1.935,-1.317,-0.518,121.1,blue,284,TRUE
396,1662013420.29,3709.482563654969,1692.9586489844794,1000,0.063,-1.371,-2.254,94.6,red,284,TRUE
397,1662013420.485,5031.010625686981,3044.701239201259,1000,2.018,-1.31,-0.386,123.9,blue,284,TRUE
398,1662013420.591,3700.545466643079,1721.201451875948,1000,0.074,-1.377,-2.231,167.5,red,284,TRUE
399,1662013420.929,5147.709090562655,2800.735702039889,1000,1.679,-1.271,-0.362,103.2,blue,284,TRUE
400,1662013421.021,3650.3697057689837,1718.4278266437666,1000,0.096,-1.384,-2.183,91.1,red,284,TRUE
401,1662013421.255,5167.100479246491,2587.634735389422,1000,1.431,-1.239,-0.659,107.7,blue,284,TRUE
402,1662013421.35,3574.898133150706,1709.843515296711,1000,0.107,-1.39,-2.136,89.8,red,284,TRUE
403,1662013421.555,5245.800503851816,2423.183580508258,1000,1.526,-1.281,-0.756,123.7,blue,284,TRUE
404,1662013421.66,3577.64233053928,1618.0658859519383,1000,0.107,-1.39,-2.129,99.0,red,284,TRUE
405,1662013422.959,3584.397322297857,1610.5775409776159,1000,0.108,-1.388,-2.138,1190.7,red,284,TRUE
406,1662013427.61,3586.967033378452,1623.3933059492738,1000,0.106,-1.38,-2.141,1176.7,red,284,TRUE
407,1662013428.938,5312.373916345059,2288.8653555364094,1000,1.88,-1.301,-0.776,105.2,blue,284,TRUE
408,1662013429.029,3619.3430675336344,1590.1342009563862,1000,0.096,-1.373,-2.183,152.4,red,284,TRUE
409,1662013429.315,5390.126772201181,2276.282829002316,1000,1.924,-1.264,-0.64,107.9,blue,284,TRUE
410,1662013429.41,3667.4973420758683,1585.8828416469757,1000,0.097,-1.373,-2.178,92.8,red,284,TRUE
411,1662013429.633,5421.8906833406145,2225.9451883543666,1000,1.882,-1.257,-0.602,152.2,blue,284,TRUE
412,1662013429.769,3745.883168596698,1599.8786336164924,1000,0.095,-1.37,-2.196,107.5,red,284,TRUE
413,1662013432.326,5492.082151127784,2317.871181553629,1000,1.602,-1.332,-0.993,131.9,blue,284,TRUE
414,1662013432.444,3704.5860737271682,1600.5280680881153,1000,0.081,-1.377,-2.07,151.0,red,284,TRUE
415,1662013432.727,5529.4943838709005,2277.17182407216,1000,1.53,-1.309,-0.978,121.7,blue,284,TRUE
416,1662013432.832,3685.8999812646575,1589.3791682478693,1000,0.082,-1.376,-2.102,94.6,red,284,TRUE
417,1662013433.029,5540.121714194177,2233.4542642048345,1000,1.484,-1.281,-0.911,122.3,blue,284,TRUE
418,1662013433.134,3675.397830101045,1562.1065016773944,1000,0.053,-1.371,-2.112,107.6,red,284,TRUE
419,1662013435.738,5600.0558293413305,2248.5374074252327,1000,1.393,-1.294,-0.88,101.5,blue,284,TRUE
420,1662013435.826,3688.409769732516,1565.2334479529484,1000,0.191,-1.39,-2.447,150.0,red,284,TRUE
421,1662013436.08,5711.4469503781265,2304.0929426543757,1000,1.407,-1.292,-0.864,122.2,blue,284,TRUE
422,1662013436.185,3698.3477063726273,1645.407385072371,1000,0.205,-1.395,-2.431,108.1,red,284,TRUE
423,1662013436.416,5771.59276794661,2249.877942922667,1000,1.409,-1.289,-0.853,101.4,blue,284,TRUE
424,1662013436.508,3671.8020638778203,1657.5262949816185,1000,0.181,-1.386,-2.422,90.3,red,284,TRUE
425,1662013436.742,5769.670451825488,2103.0777863613876,1000,1.412,-1.287,-0.841,122.4,blue,284,TRUE
426,1662013436.848,3677.806346336762,1693.7534313283204,1000,0.14,-1.381,-2.406,95.6,red,284,TRUE
427,1662013437.165,5753.649366550985,2135.6969355857186,1000,1.424,-1.284,-0.836,122.5,blue,284,TRUE
428,1662013437.27,3693.908605817942,1699.0412050488387,1000,0.074,-1.358,-2.462,167.9,red,284,TRUE
429,1662013437.539,5750.535278630178,2112.094530562364,1000,1.463,-1.29,-0.827,111.7,blue,284,TRUE
430,1662013437.637,3716.3350848980626,1708.3172588838486,1000,0.025,-1.344,-2.39,102.7,red,284,TRUE
431,1662013437.892,5712.9767995028715,2107.7445791320065,1000,1.505,-1.296,-0.791,103.8,blue,284,TRUE
432,1662013437.982,3685.464001803444,1695.9960155802185,1000,0.041,-1.347,-2.386,99.3,red,284,TRUE
433,1662013438.193,5573.205632517621,2050.6700639957244,1000,1.55,-1.307,-0.76,109.0,blue,284,TRUE
434,1662013438.284,3656.1097459349035,1595.1243520464875,1000,0.058,-1.349,-2.404,107.6,red,284,TRUE
435,1662013438.604,5529.75940445294,2032.722566154066,1000,1.811,-1.318,-0.654,101.3,blue,284,TRUE
436,1662013438.694,3629.5508530370244,1573.534531645212,1000,0.067,-1.331,-2.546,165.3,red,284,TRUE
437,1662013438.982,5533.058263811155,2024.60805704062,1000,1.936,-1.299,-0.524,104.0,blue,284,TRUE
438,1662013439.074,3641.3492810656785,1536.9495723289608,1000,0.107,-1.369,-2.469,89.4,red,284,TRUE
439,1662013439.31,5508.611504366517,1972.2347616754003,1000,1.998,-1.275,-0.446,108.1,blue,284,TRUE
440,1662013439.404,3660.6474465196166,1544.019060897526,1000,0.143,-1.38,-2.455,92.9,red,284,TRUE
441,1662013439.629,5467.525825851739,1917.3651115418152,1000,2.019,-1.266,-0.399,107.6,blue,284,TRUE
442,1662013439.723,3679.8685649846143,1556.6148576519915,1000,0.141,-1.38,-2.439,102.6,red,284,TRUE
443,1662013440.055,5436.883551302096,1916.9631802970089,1000,2.032,-1.266,-0.377,105.1,blue,284,TRUE
444,1662013440.147,3711.9212439932776,1566.970965845847,1000,0.132,-1.38,-2.422,164.2,red,284,TRUE
445,1662013440.435,5468.9521536553775,1895.0199417752985,1000,2.035,-1.268,-0.365,104.2,blue,284,TRUE
446,1662013440.529,3712.8017982026813,1588.9238436878722,1000,0.137,-1.384,-2.402,88.5,red,284,TRUE
447,1662013440.764,5428.48762826555,1938.5183366246174,1000,2.033,-1.268,-0.365,122.8,blue,284,TRUE
448,1662013440.87,3740.2324467459453,1657.2848220736262,1000,0.14,-1.388,-2.383,95.7,red,284,TRUE
449,1662013441.066,5370.238300311862,1982.310153525893,1000,2.029,-1.268,-0.37,121.5,blue,284,TRUE
450,1662013441.172,3729.081922865425,1731.8382105683474,1000,0.142,-1.39,-2.377,107.0,red,284,TRUE
451,1662013441.507,5389.782420835964,1996.0297113371591,1000,2.022,-1.265,-0.363,120.5,blue,284,TRUE
452,1662013441.605,3728.853366666414,1793.691390938972,1000,0.142,-1.389,-2.38,158.7,red,284,TRUE
453,1662013441.895,5399.537302325843,2093.773776587026,1000,2.035,-1.261,-0.357,94.3,blue,284,TRUE
454,1662013441.976,3730.004205477892,1838.507642914371,1000,0.141,-1.388,-2.387,97.0,red,284,TRUE
455,1662013444.53,5368.964100182063,2070.0588038876062,1000,2.28,-1.323,-0.544,114.9,blue,284,TRUE
456,1662013444.854,5344.704884744863,2061.51712361652,1000,2.364,-1.347,-0.492,107.4,blue,284,TRUE
457,1662013444.948,3668.68335795841,1760.2435273840215,1000,0.149,-1.372,-2.449,93.0,red,284,TRUE
458,1662013445.171,5352.839574374266,2087.1237734960755,1000,2.361,-1.338,-0.391,121.3,blue,284,TRUE
459,1662013445.275,3703.31815531953,1656.571379299728,1000,0.155,-1.373,-2.445,106.3,red,284,TRUE
460,1662013445.497,5350.755364619639,2079.77252008634,1000,2.308,-1.337,-0.327,111.6,blue,284,TRUE
461,1662013445.599,3736.5365907134124,1671.836777973543,1000,0.161,-1.377,-2.434,104.3,red,284,TRUE
462,1662013445.939,5304.431742856305,2060.0961442504217,1000,2.083,-1.365,-0.511,105.9,blue,284,TRUE
463,1662013446.032,3741.310917278984,1656.038001722962,1000,0.169,-1.382,-2.414,148.7,red,284,TRUE
464,1662013449.679,3535.2895777458807,1937.8549711764422,1000,5.846,-1.319,-2.065,1176.9,red,284,TRUE
465,1662013451.025,5168.24744817175,2267.504286181941,1000,3.822,-1.313,-0.481,103.8,blue,284,TRUE
466,1662013451.117,3631.375581136646,2272.151772498587,1000,0.044,-1.369,-2.261,146.5,red,284,TRUE
467,1662013451.402,5053.03313151332,2442.8453051055453,1000,3.103,-1.366,-0.297,104.3,blue,284,TRUE
468,1662013451.493,3816.0841024229994,2631.5980125580677,1000,0.666,-1.365,-1.594,94.2,red,284,TRUE
469,1662013452.715,4126.889795332373,2871.912997532437,1000,2.112,-1.393,-1.956,152.4,red,284,TRUE
470,1662013453.027,4937.975443685601,2688.0360736643565,1000,1.676,-1.25,-0.912,109.3,blue,284,TRUE
471,1662013453.124,4372.088453493716,3117.4383962398333,1000,2.256,-1.359,-2.117,102.8,red,284,TRUE
472,1662013453.375,4774.769355528245,2840.9550051494625,1000,1.837,-1.274,-0.816,108.4,blue,284,TRUE
473,1662013453.47,4687.878344816431,3351.5178772137756,1000,2.169,-1.348,-2.27,94.2,red,284,TRUE
474,1662013454.692,5267.9310523986605,3342.6042598358085,1000,2.147,-1.345,-2.622,149.6,red,284,TRUE
475,1662013455.0,4453.770350042131,2966.352767910641,1000,2.512,-1.321,-0.349,99.4,blue,284,TRUE
476,1662013455.085,5506.868683880534,3181.5491842927404,1000,2.466,-1.344,-2.896,106.8,red,284,TRUE
477,1662013457.674,4244.38237895984,3102.675986981613,1000,0.769,-1.285,-0.518,107.7,blue,284,TRUE
478,1662013457.77,5531.925366433222,2946.607651430959,1000,2.178,-1.266,-1.984,161.4,red,284,TRUE
479,1662013458.032,4219.655971397052,3013.8197453064035,1000,0.771,-1.271,-0.457,126.3,blue,284,TRUE
480,1662013458.141,5503.169381239343,2937.0495195103354,1000,1.919,-1.232,-2.078,107.8,red,284,TRUE
481,1662013458.397,4186.778269107993,2966.750842754298,1000,0.805,-1.283,-0.412,122.9,blue,284,TRUE
482,1662013458.508,5509.111038295262,2811.56597624246,1000,2.165,-1.313,-2.379,92.4,red,284,TRUE
483,1662013458.728,4172.4277652899955,2866.0293361087283,1000,0.92,-1.287,-0.346,120.9,blue,284,TRUE
484,1662013458.833,5384.193239891912,2801.0294527574115,1000,2.687,-1.313,-2.69,93.5,red,284,TRUE
485,1662013459.149,4147.596093371351,2766.8825047194746,1000,0.899,-1.277,-0.315,123.9,blue,284,TRUE
486,1662013459.255,5143.555535618908,2798.140717343011,1000,2.681,-1.306,-2.41,167.9,red,284,TRUE
487,1662013459.523,4261.245552821458,2766.288296185681,1000,0.777,-1.284,-0.308,110.6,blue,284,TRUE
488,1662013459.622,5017.035463406192,2792.5729577936395,1000,2.642,-1.218,-2.238,89.7,red,284,TRUE
489,1662013459.855,4292.640149625832,2757.115048049938,1000,0.72,-1.281,-0.309,106.4,blue,284,TRUE
490,1662013459.948,4987.59187601402,2874.694158209437,1000,2.431,-1.225,-1.989,93.6,red,284,TRUE
491,1662013460.172,4204.778333861444,2755.8223902560335,1000,0.702,-1.273,-0.321,152.3,blue,284,TRUE
492,1662013460.308,4895.1384732955385,2878.050940457715,1000,2.245,-1.285,-2.109,95.8,red,284,TRUE
493,1662013460.613,4125.732771290376,2733.8110246571873,1000,0.721,-1.261,-0.322,122.2,blue,284,TRUE
494,1662013460.724,4900.211862719477,2919.9082079944747,1000,2.112,-1.378,-2.221,144.6,red,284,TRUE
495,1662013460.994,4038.279787552749,2721.325174290891,1000,0.744,-1.248,-0.303,102.8,blue,284,TRUE
496,1662013461.084,5052.461944779371,2826.946626217594,1000,1.898,-1.428,-2.495,91.4,red,284,TRUE
497,1662013461.321,3978.9587034226383,2772.5432091520966,1000,0.743,-1.247,-0.311,106.4,blue,284,TRUE
498,1662013461.414,5266.976691595498,2719.5416480424597,1000,1.478,-1.301,-1.929,95.3,red,284,TRUE
499,1662013462.655,5517.977442882465,2197.800420810048,1000,2.053,-1.143,-2.586,1174.8,red,284,TRUE
500,1662013465.049,5655.017716966584,2114.605786614975,1000,2.092,-1.162,-2.659,165.9,red,284,TRUE
501,1662013465.393,3969.2666988396545,2729.6547090842782,1000,0.778,-1.253,-0.281,124.1,blue,284,TRUE
502,1662013465.504,5817.416832938172,2029.8122932253161,1000,2.079,-1.174,-2.631,94.3,red,284,TRUE
503,1662013468.028,3885.067982681752,2728.7227381253756,1000,0.737,-1.269,-0.461,100.2,blue,284,TRUE
504,1662013468.118,5922.2516341541605,1983.0691109968236,1000,2.086,-1.173,-2.657,132.7,red,284,TRUE
505,1662013468.386,3889.667544028158,2717.0086728252986,1000,0.762,-1.282,-0.578,107.4,blue,284,TRUE
506,1662013468.48,5954.879147732529,1972.0453291532212,1000,2.09,-1.17,-2.663,94.9,red,284,TRUE
507,1662013468.681,3911.7058906033794,2765.924508253162,1000,0.728,-1.325,-0.861,102.0,blue,284,TRUE
508,1662013468.772,5901.671544707748,1985.809985649613,1000,2.1,-1.164,-2.68,90.0,red,284,TRUE
509,1662013468.98,3934.6563160464775,2802.5261670397012,1000,0.711,-1.336,-0.818,102.6,blue,284,TRUE
510,1662013469.072,5837.484957263223,2388.9665504070053,1000,2.106,-1.16,-2.695,93.7,red,284,TRUE
511,1662013469.418,3937.892271146393,2821.9088275247655,1000,0.683,-1.297,-0.539,104.3,blue,284,TRUE
512,1662013469.508,5889.801075401618,2322.1139482752646,1000,2.085,-1.161,-2.699,150.8,red,284,TRUE
513,1662013469.762,3899.7952695552226,2847.259740139553,1000,0.668,-1.28,-0.415,124.0,blue,284,TRUE
514,1662013469.869,5881.987695498872,2283.869276961948,1000,2.071,-1.161,-2.698,94.1,red,284,TRUE
515,1662013471.092,5850.191639725962,2301.532478973781,1000,2.066,-1.133,-2.741,150.5,red,284,TRUE
516,1662013472.423,5821.857132225381,2329.0220360689395,1000,2.109,-1.127,-2.785,150.8,red,284,TRUE
517,1662013472.731,3956.407527213323,2872.620013471411,1000,0.689,-1.271,-0.417,113.3,blue,284,TRUE
518,1662013472.834,5809.804021262433,2338.123042338704,1000,2.111,-1.126,-2.788,89.0,red,284,TRUE
519,1662013473.024,3936.592239798345,2868.5284093831992,1000,0.719,-1.246,-0.376,121.5,blue,284,TRUE
520,1662013473.128,5748.166405716324,2369.2625806786446,1000,2.117,-1.116,-2.798,92.8,red,284,TRUE
521,1662013473.37,3915.58682056185,2837.322397962764,1000,0.73,-1.239,-0.409,108.7,blue,284,TRUE
522,1662013473.464,5668.526295361102,2427.0242053379766,1000,2.122,-1.113,-2.803,94.1,red,284,TRUE
523,1662013474.655,5606.814193073028,2470.105097582094,1000,2.125,-1.113,-2.806,153.1,red,284,TRUE
524,1662013475.02,3869.292320618683,2814.8003015163395,1000,0.735,-1.226,-0.379,105.6,blue,284,TRUE
525,1662013475.115,5659.797558314857,2478.345853222049,1000,2.129,-1.115,-2.807,91.7,red,284,TRUE
526,1662013475.35,3843.1905707848086,2798.3493126838457,1000,0.76,-1.237,-0.398,107.1,blue,284,TRUE
527,1662013475.443,5588.841274789872,2475.775730623694,1000,2.13,-1.116,-2.807,92.0,red,284,TRUE
528,1662013475.652,3837.594505950087,2800.1202485691215,1000,0.752,-1.249,-0.394,109.7,blue,284,TRUE
529,1662013475.748,5552.374835056941,2476.447181284931,1000,2.129,-1.114,-2.807,92.4,red,284,TRUE
530,1662013475.943,3818.2462537664555,2776.0117675981037,1000,0.779,-1.248,-0.383,103.9,blue,284,TRUE
531,1662013476.035,5602.683395335712,2490.2678083151745,1000,2.129,-1.113,-2.809,148.7,red,284,TRUE
532,1662013476.425,3885.4962757944954,2764.1168556584503,1000,0.779,-1.248,-0.344,106.9,blue,284,TRUE
533,1662013476.518,5672.734603015912,2479.203254825858,1000,2.13,-1.116,-2.807,96.1,red,284,TRUE
534,1662013476.718,3901.265691000246,2751.0741992022777,1000,0.752,-1.23,-0.315,100.8,blue,284,TRUE
535,1662013476.808,5715.427226628964,2460.0215909090753,1000,2.134,-1.125,-2.801,88.4,red,284,TRUE
536,1662013478.011,5642.037112779308,2430.5794789807946,1000,2.136,-1.128,-2.799,151.5,red,284,TRUE
537,1662013478.403,3913.373454056647,2747.0605605948754,1000,0.725,-1.217,-0.382,108.9,blue,284,TRUE
538,1662013478.498,5679.804660523252,2430.8954642493723,1000,2.133,-1.129,-2.796,94.2,red,284,TRUE
539,1662013478.697,3920.3144343171757,2757.7571704604675,1000,0.726,-1.218,-0.382,104.6,blue,284,TRUE
540,1662013478.789,5710.334756942466,2436.0457391528216,1000,2.116,-1.146,-2.77,95.2,red,284,TRUE
541,1662013478.985,3923.7905466302886,2760.279601015791,1000,0.786,-1.228,-0.388,103.0,blue,284,TRUE
542,1662013479.075,5715.076242062297,2438.621348624462,1000,2.1,-1.187,-2.724,92.1,red,284,TRUE
543,1662013479.312,3948.4834287567523,2781.5327010921105,1000,0.729,-1.236,-0.368,122.3,blue,284,TRUE
544,1662013479.417,5649.503457296448,2405.117682183654,1000,2.089,-1.228,-2.676,151.6,red,284,TRUE
545,1662013479.782,3876.1045492411236,2789.640304682756,1000,0.797,-1.215,-0.322,105.7,blue,284,TRUE
546,1662013479.877,5714.903833752251,2379.911751856441,1000,2.04,-1.248,-2.662,87.7,red,284,TRUE
547,1662013480.065,3855.147919313193,2783.521289680106,1000,0.83,-1.222,-0.309,136.9,blue,284,TRUE
548,1662013481.548,3916.161801865379,2793.917959877841,1000,0.757,-1.241,-0.454,105.3,blue,284,TRUE
549,1662013481.641,5744.827593372606,2366.544878485122,1000,1.871,-1.242,-2.567,94.6,red,284,TRUE
550,1662013481.893,3911.354867950566,2757.581758126844,1000,0.757,-1.239,-0.431,107.1,blue,284,TRUE
551,1662013481.987,5783.108538735782,2350.6325018828848,1000,1.919,-1.258,-2.571,92.3,red,284,TRUE
552,1662013482.208,3992.863121793613,2771.642781551475,1000,0.762,-1.239,-0.424,123.9,blue,284,TRUE
553,1662013482.314,5767.4181684437435,2350.9398788537696,1000,2.007,-1.274,-2.561,106.4,red,284,TRUE
554,1662013482.527,3951.9961716162757,2747.3526259205555,1000,0.77,-1.235,-0.403,122.7,blue,284,TRUE
555,1662013482.633,5691.597575154733,2332.3532092221444,1000,1.996,-1.269,-2.598,168.1,red,284,TRUE
556,1662013482.951,3956.614286237556,2724.629789305255,1000,0.762,-1.226,-0.373,105.9,blue,284,TRUE
557,1662013483.044,5730.194709239212,2355.4824144356216,1000,2.043,-1.269,-2.694,90.6,red,284,TRUE
558,1662013483.326,3983.0560752119018,2742.84759687795,1000,0.768,-1.222,-0.352,106.6,blue,284,TRUE
559,1662013483.42,5631.047816272254,2360.008043441909,1000,2.106,-1.294,-2.692,91.4,red,284,TRUE
560,1662013484.622,5582.040779929928,2337.0867321151613,1000,2.045,-1.317,-2.663,151.3,red,284,TRUE
561,1662013484.985,3961.1036774584954,2718.6478961844823,1000,0.803,-1.268,-0.265,121.5,blue,284,TRUE
562,1662013485.081,5508.196816107303,2249.416662882332,1000,2.025,-1.312,-2.688,101.0,red,284,TRUE
563,1662013485.328,3974.066570012192,2744.936302258677,1000,0.79,-1.27,-0.245,107.3,blue,284,TRUE
564,1662013485.424,5516.130743493765,2216.6253383640305,1000,2.032,-1.336,-2.641,89.9,red,284,TRUE
565,1662013485.63,3925.555635538553,2717.550766945308,1000,0.8,-1.259,-0.248,122.4,blue,284,TRUE
566,1662013485.735,5531.451375493482,2190.218914700941,1000,2.016,-1.343,-2.625,96.5,red,284,TRUE
567,1662013485.871,4314.0527522837465,2651.0890734373265,1000,0.019,-1.396,0.942,78.7,blue,284,TRUE
568,1662013485.934,5506.333914858467,2175.3055423700353,1000,1.995,-1.345,-2.621,151.1,red,284,TRUE
569,1662013486.324,4395.8048778033635,2601.4034301959528,1000,0.762,-1.249,-0.245,122.8,blue,284,TRUE
570,1662013486.423,5485.929247246731,2190.578368093013,1000,1.971,-1.349,-2.583,87.3,red,284,TRUE
571,1662013486.642,4430.052875792751,2580.6663541303765,1000,0.759,-1.251,-0.283,121.5,blue,284,TRUE
572,1662013486.747,5473.061457194552,2235.451678206383,1000,2.015,-1.35,-2.599,96.3,red,284,TRUE
573,1662013486.947,4389.7244986102205,2582.125730576023,1000,0.761,-1.249,-0.271,103.4,blue,284,TRUE
574,1662013487.04,5467.981695384292,2284.653296727131,1000,2.094,-1.364,-2.597,90.3,red,284,TRUE
575,1662013487.276,4407.280272492318,2457.1434669886494,1000,0.768,-1.244,-0.261,123.4,blue,284,TRUE
576,1662013487.382,5415.726831590309,2256.608170277644,1000,2.074,-1.352,-2.631,151.0,red,284,TRUE
577,1662013487.756,4452.1328612758725,2374.9989400189365,1000,0.745,-1.246,-0.251,108.5,blue,284,TRUE
578,1662013487.851,5363.978688173213,2232.5658221136505,1000,2.149,-1.344,-2.713,91.2,red,284,TRUE
579,1662013488.043,4147.493254889082,2395.5313615000646,1000,0.744,-1.248,-0.25,124.7,blue,284,TRUE
580,1662013488.149,5342.5441131937605,2226.032067842237,1000,2.306,-1.358,-2.81,108.6,red,284,TRUE
581,1662013488.405,4193.101451883112,2411.8308811311754,1000,0.745,-1.248,-0.251,106.5,blue,284,TRUE
582,1662013488.498,5340.801448807051,2184.5440734207937,1000,2.253,-1.341,-2.728,92.9,red,284,TRUE
583,1662013488.693,4283.118782001716,2352.4497154527867,1000,0.742,-1.247,-0.247,121.5,blue,284,TRUE
584,1662013488.797,5317.8295983751605,2160.0255040642105,1000,2.229,-1.347,-2.681,152.1,red,284,TRUE
585,1662013489.163,4304.042321730706,2274.713237318619,1000,0.736,-1.248,-0.243,120.1,blue,284,TRUE
586,1662013489.266,5315.980450034628,2184.694634400003,1000,2.186,-1.346,-2.64,107.3,red,284,TRUE
587,1662013489.496,4353.840129963265,2369.801006228599,1000,0.742,-1.245,-0.255,104.3,blue,284,TRUE
588,1662013489.59,5330.467412151903,2215.784625710201,1000,2.141,-1.331,-2.666,87.7,red,284,TRUE
589,1662013489.813,4344.81555987776,2432.0716041509127,1000,0.716,-1.236,-0.264,104.3,blue,284,TRUE
590,1662013489.904,5344.693844262351,2242.683179209606,1000,2.138,-1.334,-2.634,94.3,red,284,TRUE
591,1662013491.125,5331.471879042828,2269.349694670534,1000,2.114,-1.33,-2.611,155.2,red,284,TRUE
592,1662013491.448,4275.7302327232455,2437.138870792868,1000,0.71,-1.228,-0.323,98.2,blue,284,TRUE
593,1662013491.535,5379.543882852758,2308.979528121388,1000,2.103,-1.328,-2.606,91.1,red,284,TRUE
594,1662013495.19,5378.709015742848,2430.693749707609,1000,1.897,-1.361,-2.185,1178.0,red,284,TRUE
595,1662013497.499,5403.963548144176,2431.111914913617,1000,1.899,-1.374,-1.881,150.3,red,284,TRUE
596,1662013501.181,5730.909636182115,1988.4001411298566,1000,2.227,-1.008,-2.954,1177.1,red,284,TRUE
597,1662013502.531,4145.714855635863,2477.362212888913,1000,0.868,-1.248,-0.267,113.3,blue,284,TRUE
598,1662013502.632,5825.180100345678,1990.3805337849926,1000,2.222,-1.024,-2.913,148.7,red,284,TRUE
599,1662013502.928,4052.081251332209,2569.6932212307834,1000,0.866,-1.247,-0.269,107.7,blue,284,TRUE
600,1662013503.022,5879.72673222639,1941.8115567214854,1000,2.221,-1.031,-2.911,92.4,red,284,TRUE
601,1662013503.229,4007.3685159237175,2645.588942875814,1000,0.887,-1.249,-0.278,120.6,blue,284,TRUE
602,1662013503.334,5871.194070374314,1921.3628526940781,1000,2.235,-1.022,-2.914,101.3,red,284,TRUE
603,1662013503.546,3927.848181227935,2669.4532341445247,1000,0.879,-1.249,-0.28,123.6,blue,284,TRUE
604,1662013503.652,5911.70779575003,1786.7060346617627,1000,2.239,-1.024,-2.915,107.9,red,284,TRUE
605,1662013503.987,3847.0071362632966,2699.3049996505138,1000,0.885,-1.244,-0.276,105.6,blue,284,TRUE
606,1662013504.08,5920.277010989214,1774.362443944888,1000,2.239,-1.03,-2.911,148.7,red,284,TRUE
607,1662013505.406,5856.228502721562,2083.306381026814,1000,2.244,-1.038,-2.909,1180.3,red,284,TRUE
608,1662013507.791,5840.913393423875,2097.276377568777,1000,2.239,-1.048,-2.902,1178.3,red,284,TRUE
609,1662013509.063,3820.210944355376,2697.172822911356,1000,0.817,-1.252,-0.264,105.2,blue,284,TRUE
610,1662013509.156,5976.957988361942,2108.1198611740533,1000,2.239,-1.047,-2.901,148.4,red,284,TRUE
611,1662013509.44,3818.0519168903943,2659.0985690682246,1000,0.821,-1.251,-0.267,104.6,blue,284,TRUE
612,1662013509.531,6106.67864764995,2148.3282633881413,1000,2.243,-1.044,-2.905,97.7,red,284,TRUE
613,1662013510.768,6211.66651135574,2159.2332514742757,1000,2.246,-1.041,-2.908,151.6,red,284,TRUE
614,1662013511.079,3787.2568546694583,2587.5154095058547,1000,0.808,-1.251,-0.256,97.9,blue,284,TRUE
615,1662013511.163,6239.605620766318,2153.8854407875087,1000,2.251,-1.04,-2.915,105.2,red,284,TRUE
616,1662013511.417,3839.5073004816713,2559.8841007603064,1000,0.795,-1.25,-0.266,93.1,blue,284,TRUE
617,1662013511.495,6042.726486978114,2288.687852566019,1000,2.255,-1.03,-2.92,95.0,red,284,TRUE
618,1662013511.719,3859.6613390923208,2528.489287304081,1000,0.788,-1.25,-0.267,108.2,blue,284,TRUE
619,1662013511.81,6041.615785051552,2285.432921423665,1000,2.268,-1.02,-2.929,107.8,red,284,TRUE
620,1662013512.103,3894.973139689888,2493.4615832524255,1000,0.798,-1.249,-0.268,101.5,blue,284,TRUE
621,1662013512.194,5929.897235049629,2313.9779649859997,1000,2.27,-1.013,-2.93,146.1,red,284,TRUE
622,1662013512.524,3925.5498035298283,2512.8719498941336,1000,0.801,-1.248,-0.263,102.3,blue,284,TRUE
623,1662013512.615,5847.018463782522,2290.0575793705148,1000,2.254,-1.018,-2.918,92.7,red,284,TRUE
624,1662013512.851,3969.0691562494703,2544.046061255598,1000,0.803,-1.247,-0.264,107.6,blue,284,TRUE
625,1662013512.946,5768.459927924055,2297.501576964663,1000,2.258,-1.018,-2.92,91.5,red,284,TRUE
626,1662013514.14,5760.064879687772,2275.9435176314714,1000,2.245,-1.024,-2.907,152.3,red,284,TRUE
627,1662013514.507,3950.786223879871,2527.940417495842,1000,0.786,-1.262,-0.3,103.9,blue,284,TRUE
628,1662013514.6,5758.753389389109,2250.6121831286323,1000,2.256,-1.02,-2.914,92.4,red,284,TRUE
629,1662013514.838,3947.6623900459836,2530.586575245569,1000,0.774,-1.259,-0.281,121.7,blue,284,TRUE
630,1662013514.943,5776.349186686594,2233.5028839099978,1000,2.254,-1.02,-2.914,95.0,red,284,TRUE
631,1662013515.154,4057.9962665610988,2544.392796435519,1000,0.778,-1.254,-0.275,123.1,blue,284,TRUE
632,1662013515.259,5785.214017127131,2210.1570123388697,1000,2.254,-1.02,-2.914,108.7,red,284,TRUE
633,1662013515.491,4082.7866668401025,2545.2853205657943,1000,0.872,-1.344,-0.62,103.7,blue,284,TRUE
634,1662013515.583,5779.340304913542,2193.288347102284,1000,2.246,-1.021,-2.908,147.6,red,284,TRUE
635,1662013515.972,4078.6248422125245,2504.412805704736,1000,1.1,-1.366,-0.723,107.2,blue,284,TRUE
636,1662013516.064,5781.052258192751,2172.111503061023,1000,2.247,-1.019,-2.91,99.0,red,284,TRUE
637,1662013516.29,4103.3399435488855,2471.45694400281,1000,1.023,-1.321,-0.406,138.0,blue,284,TRUE
638,1662013516.411,5778.545729414367,2188.462435930318,1000,2.249,-1.019,-2.911,97.5,red,284,TRUE
639,1662013518.964,4160.378542868703,2501.1541657025487,1000,0.828,-1.252,-0.243,102.5,blue,284,TRUE
640,1662013519.055,5829.862709129411,2192.9265206319255,1000,2.251,-1.017,-2.914,148.4,red,284,TRUE
641,1662013519.336,4193.857109573118,2499.620164298859,1000,0.831,-1.253,-0.241,121.4,blue,284,TRUE
642,1662013519.441,5864.940331693444,2201.0941197819598,1000,2.253,-1.017,-2.915,95.1,red,284,TRUE
643,1662013519.639,4156.350384917785,2485.3103200942182,1000,0.842,-1.253,-0.23,108.0,blue,284,TRUE
644,1662013519.733,5898.295655517973,2217.456392810201,1000,2.255,-1.017,-2.915,104.0,red,284,TRUE
645,1662013519.96,4153.894834209205,2488.823341104395,1000,0.842,-1.253,-0.226,101.2,blue,284,TRUE
646,1662013520.052,5928.781677704915,2219.49274606523,1000,2.254,-1.018,-2.915,88.0,red,284,TRUE
647,1662013520.392,4139.716884117216,2546.6588516213783,1000,0.758,-1.241,-0.284,122.1,blue,284,TRUE
648,1662013520.485,5920.770419067226,2232.3138892899965,1000,2.245,-1.026,-2.908,149.0,red,284,TRUE
649,1662013520.753,4118.98689409644,2562.302900634196,1000,0.335,-1.214,-0.291,122.4,blue,284,TRUE
650,1662013520.858,5979.59774705752,2168.6059356529204,1000,2.242,-1.02,-2.901,96.8,red,284,TRUE
651,1662013522.067,5942.802964177393,2204.3722157570514,1000,2.195,-1.038,-2.868,149.7,red,284,TRUE
652,1662013522.452,4113.964456712907,2528.764475525922,1000,1.22,-1.271,-0.272,97.6,blue,284,TRUE
653,1662013522.535,5947.741046546885,2228.7680936036577,1000,2.218,-1.035,-2.875,105.2,red,284,TRUE
654,1662013522.774,4046.4901535574204,2552.0601593102847,1000,0.992,-1.281,-0.385,121.7,blue,284,TRUE
655,1662013522.88,5944.38048375841,2257.6168006642447,1000,2.218,-1.038,-2.872,93.9,red,284,TRUE
656,1662013523.105,3981.4030185527868,2572.1155614618447,1000,0.838,-1.264,-0.321,122.2,blue,284,TRUE
657,1662013523.211,5903.111673896168,2280.3747397001903,1000,2.208,-1.042,-2.865,106.3,red,284,TRUE
658,1662013523.453,4020.071916888108,2586.097928076976,1000,0.789,-1.236,-0.245,106.3,blue,284,TRUE
659,1662013523.547,5952.582337632179,2303.382981220931,1000,2.221,-1.037,-2.873,148.8,red,284,TRUE
660,1662013523.952,4098.813316285392,2576.1609389272644,1000,0.804,-1.225,-0.229,105.6,blue,284,TRUE
661,1662013524.044,5896.991100183477,2411.6852146743117,1000,2.158,-1.057,-2.847,94.5,red,284,TRUE
662,1662013524.267,4150.409410628387,2591.1172206360293,1000,0.797,-1.224,-0.229,123.5,blue,284,TRUE
663,1662013524.373,5853.739584814944,2415.5956255138153,1000,2.173,-1.06,-2.843,95.9,red,284,TRUE
664,1662013524.583,4281.17220291209,2642.066425737007,1000,0.789,-1.225,-0.225,123.5,blue,284,TRUE
665,1662013524.689,5825.764154501317,2406.9789958208166,1000,2.199,-1.045,-2.854,107.6,red,284,TRUE
666,1662013524.947,4241.325829608925,2596.986758619056,1000,0.789,-1.227,-0.227,109.0,blue,284,TRUE
667,1662013525.042,5858.630227853366,2406.584562545098,1000,2.201,-1.042,-2.855,149.4,red,284,TRUE
668,1662013525.433,4155.997023463311,2526.3649914801385,1000,0.78,-1.232,-0.235,106.6,blue,284,TRUE
669,1662013525.525,5837.9012795628105,2439.6985996048393,1000,2.2,-1.044,-2.851,92.6,red,284,TRUE
670,1662013525.78,4032.3844581200265,2469.806133961735,1000,0.773,-1.233,-0.229,122.6,blue,284,TRUE
671,1662013525.886,5814.0119606624785,2459.365689118253,1000,2.194,-1.045,-2.847,95.8,red,284,TRUE
672,1662013526.099,3987.8876636501423,2431.0428023541695,1000,0.788,-1.24,-0.248,107.9,blue,284,TRUE
673,1662013526.194,5866.49632977382,2470.7278818125264,1000,2.194,-1.045,-2.847,104.3,red,284,TRUE
674,1662013526.447,3868.3986983982054,2415.802626013472,1000,0.806,-1.244,-0.253,106.0,blue,284,TRUE
675,1662013526.54,5922.524587426285,2483.3306311789374,1000,2.193,-1.045,-2.846,150.1,red,284,TRUE
676,1662013526.915,3710.2972502522225,2404.6326641517353,1000,0.803,-1.246,-0.256,107.7,blue,284,TRUE
677,1662013527.009,5872.098658586168,2506.2210519474766,1000,2.189,-1.047,-2.843,91.1,red,284,TRUE
678,1662013527.232,3716.7976672660207,2416.7962375006073,1000,0.804,-1.248,-0.261,137.7,blue,284,TRUE
679,1662013527.353,5813.037501546464,2507.7847422324985,1000,2.189,-1.047,-2.843,103.0,red,284,TRUE
680,1662013527.564,3788.5082641265035,2463.593483280472,1000,0.804,-1.247,-0.263,122.1,blue,284,TRUE
681,1662013527.669,5850.751105520391,2482.9708604953557,1000,2.19,-1.047,-2.844,107.1,red,284,TRUE
682,1662013527.926,3842.828552972151,2502.191468573179,1000,0.801,-1.254,-0.272,105.8,blue,284,TRUE
683,1662013528.018,5890.433989238165,2463.777765455871,1000,2.191,-1.046,-2.845,150.8,red,284,TRUE
684,1662013534.357,3937.0466144881307,2502.9830892032514,1000,0.756,-1.248,-0.303,1174.4,blue,284,TRUE
685,1662013536.705,4098.297548382751,2501.4697260818684,1000,0.744,-1.237,-0.288,121.6,blue,284,TRUE
686,1662013536.814,5840.475503832186,2424.3055531492787,1000,2.222,-1.028,-2.858,150.1,red,284,TRUE
687,1662013538.158,4144.210403492638,2639.759285765428,1000,0.677,-1.264,-0.686,1174.0,blue,284,TRUE
688,1662013540.52,4346.238349318397,2832.0673970603525,1000,0.367,-1.278,-1.132,1176.1,blue,284,TRUE
689,1662013545.363,4832.095861253397,2934.056489448378,1000,2.184,-1.379,-0.903,1174.6,blue,284,TRUE
690,1662013552.608,4673.7104013698845,2963.2935407023942,1000,0.789,-1.299,-0.242,1194.2,blue,284,TRUE
691,1662013562.41,4774.149927906828,3042.2163977680902,1000,0.829,-1.26,-0.16,1187.9,blue,284,TRUE
692,1662013571.203,3898.2077111173935,2338.755928734924,1000,0.432,-1.268,-0.512,104.2,blue,284,TRUE
693,1662013571.295,5741.123467609742,2382.7418915333087,1000,2.176,-1.209,-2.489,91.9,red,284,TRUE
694,1662013578.33,7046.048747090006,2360.6552950517953,1000,0.683,-1.253,-0.148,1166.0,blue,284,TRUE
695,1662013590.559,5810.157195733374,2480.423578410619,1000,0.683,-1.252,-0.14,1179.1,blue,284,TRUE
696,1662013597.766,5110.609837463447,5550.810943218335,1000,6.226,-1.325,-0.367,108.4,blue,284,TRUE
697,1662013597.861,5701.324210991731,2253.12127580114,1000,2.515,-1.237,-2.726,149.5,red,284,TRUE
698,1662013601.669,6328.287591621492,5289.3741444367415,1000,0.544,-1.401,0.549,1177.9,blue,284,TRUE
699,1662013606.511,6716.445059232094,5238.493355504602,1000,0.762,-1.403,1.281,1180.6,blue,284,TRUE
700,1662013608.9,6870.4886025493815,4596.783986026285,1000,2.754,-1.361,-0.577,1175.5,blue,284,TRUE
701,1662013611.28,6005.753180408628,4279.792151616776,1000,1.38,-1.338,0.103,1181.3,blue,284,TRUE
702,1662013613.671,5643.670308150107,4076.1795302353216,1000,0.588,-1.374,-0.127,1177.2,blue,284,TRUE
703,1662013620.969,5374.514307667309,3626.4815901438196,1000,0.491,-1.258,-0.263,1174.0,blue,284,TRUE
704,1662013623.347,4716.826955901205,3187.0645234068584,1000,0.517,-1.26,-0.216,1189.5,blue,284,TRUE
705,1662013630.609,3950.1918441843086,2849.7222422546743,1000,0.671,-1.252,-0.125,1173.2,blue,284,TRUE
706,1662013632.978,3542.638556484364,2769.9019971925404,1000,0.659,-1.253,-0.159,1178.3,blue,284,TRUE
707,1662013635.351,4125.230978864131,1954.1797515580868,1000,0.647,-1.246,-0.151,1178.2,blue,284,TRUE
708,1662013637.74,4141.19988120906,1901.133590988056,1000,0.636,-1.249,-0.165,1177.3,blue,284,TRUE
709,1662013642.552,4174.733816306311,1781.9839580814103,1000,0.433,-1.223,-0.191,108.2,blue,284,TRUE
710,1662013642.646,5743.110338633615,2233.403186117759,1000,2.402,-0.958,-3.13,150.4,red,284,TRUE
711,1662013644.015,4103.2740371897735,1809.8928984589948,1000,0.467,-1.239,-0.18,1179.7,blue,284,TRUE
712,1662013648.837,4347.885416582267,1695.4963726553858,1000,0.485,-1.239,-0.121,1172.2,blue,284,TRUE
713,1662013651.223,3998.923399306013,1838.2141549272083,1000,0.48,-1.236,-0.113,1188.9,blue,284,TRUE
714,1662013656.073,4062.9835435455807,2355.8068719447397,1000,0.494,-1.249,-0.108,1178.4,blue,284,TRUE
715,1662013660.949,4052.067389895536,2365.351230864056,1000,0.555,-1.239,-0.373,1174.8,blue,284,TRUE
716,1662013675.639,4097.621493158163,2452.4807005925736,1000,0.42,-1.205,-0.331,1177.7,blue,284,TRUE
717,1662013682.967,4096.906872151211,2558.9443957599365,1000,0.617,-1.19,-0.279,1175.0,blue,284,TRUE
718,1662013685.349,4049.5524463365323,2812.329500900674,1000,0.58,-1.173,-0.265,1178.9,blue,284,TRUE
719,1662013687.738,4231.029647773948,2849.3589474523847,1000,0.429,-1.178,-0.251,1172.7,blue,284,TRUE
720,1662013694.975,3815.9661850748103,3047.5133461138917,1000,0.587,-1.251,-0.232,1175.8,blue,284,TRUE
721,1662013697.358,3774.019881284585,2985.1084175842243,1000,0.581,-1.254,-0.225,1185.0,blue,284,TRUE
